method,config,seed,composite,weighted_tardiness,setup_cost,makespan
SPT,small_2m,0,0.10103693212830048,0.0,58.1871223449707,80.77628326416016
SPT,small_2m,1,0.08303093753983692,0.0,90.87836456298828,96.840576171875
SPT,small_2m,2,0.09770290303890694,0.0,107.98811340332031,82.97977447509766
SPT,small_2m,3,0.07446046197095499,0.0,67.80989837646484,82.29065704345703
SPT,small_2m,4,0.09478090421470137,0.0,87.42439270019531,125.94214630126953
SPT,small_2m,5,0.0979340460610813,0.0,108.67124938964844,107.38417053222656
SPT,small_2m,6,0.07686510770695135,0.0,69.59550476074219,105.56825256347656
SPT,small_2m,7,0.13402627660499444,0.0,147.14576721191406,114.28540802001953
SPT,small_2m,8,0.10353173715882769,0.0,76.84148406982422,105.64329528808594
SPT,small_2m,9,0.08942552660773946,0.0,99.5181884765625,114.05398559570312
SPT,small_2m,10,0.1344818925436044,0.0,147.81411743164062,116.23702239990234
SPT,small_2m,11,0.0952198140869077,0.0,104.52796936035156,82.8264389038086
SPT,small_2m,12,0.08166582204570869,0.0,90.48886108398438,86.81031799316406
SPT,small_2m,13,0.11573854359540639,0.0,128.45657348632812,105.73358917236328
SPT,small_2m,14,0.10611665542224913,0.0,98.57374572753906,100.91866302490234
SPT,small_2m,15,0.1160536657328194,0.0,107.92882537841797,101.81273651123047
SPT,small_2m,16,0.11556515850478953,0.0,128.81239318847656,95.18794250488281
SPT,small_2m,17,0.12251846065319785,0.0,135.2319793701172,91.04499053955078
SPT,small_2m,18,0.11011536155025267,0.0,100.47290802001953,110.3349838256836
SPT,small_2m,19,0.10034062085089558,0.0,109.69854736328125,96.7956771850586
SPT,small_2m,20,0.10601086707955021,0.0,118.04400634765625,87.95993041992188
SPT,small_2m,21,0.08830919549017663,0.0,98.27666473388672,90.22339630126953
SPT,small_2m,22,0.11404862547723797,0.0,125.913330078125,90.48902130126953
SPT,small_2m,23,0.0956671630022023,0.0,89.33448028564453,78.11441802978516
SPT,small_2m,24,0.08134260428405067,0.0,88.62568664550781,96.34564971923828
SPT,small_2m,25,0.1257340785514634,0.0,138.43704223632812,73.58307647705078
SPT,small_2m,26,0.10605711108932007,0.0,117.8991928100586,102.15682220458984
SPT,small_2m,27,0.05027616643807879,0.0,56.104286193847656,92.3978042602539
SPT,small_2m,28,0.1286801340541134,0.0,116.7150650024414,100.91668701171875
SPT,small_2m,29,0.03176393345816515,0.0,35.289730072021484,87.31904602050781
NN-Greedy,small_2m,0,0.00836725191902147,0.0,4.81869649887085,77.41096496582031
NN-Greedy,small_2m,1,0.10550963309725032,0.31268310546875,115.3221206665039,102.33551025390625
NN-Greedy,small_2m,2,0.08686215496510305,0.0,96.00615692138672,92.06387329101562
NN-Greedy,small_2m,3,0.10533233554899679,16.57305908203125,87.17790985107422,79.6409912109375
NN-Greedy,small_2m,4,0.08467166567189463,0.0,78.09979248046875,130.66859436035156
NN-Greedy,small_2m,5,0.08618391292242028,0.0,95.63286590576172,103.4310531616211
NN-Greedy,small_2m,6,0.09579595556698539,0.0,86.73594665527344,112.26342010498047
NN-Greedy,small_2m,7,0.10471465418649586,0.0,114.96490478515625,115.255615234375
NN-Greedy,small_2m,8,0.10281653751763636,0.0,76.31066131591797,111.05176544189453
NN-Greedy,small_2m,9,0.11372982681621727,0.0,126.56549835205078,114.78668212890625
NN-Greedy,small_2m,10,0.08975313539244631,0.0,98.65105438232422,116.46440124511719
NN-Greedy,small_2m,11,0.09610349285940181,0.0,105.49803161621094,82.86831665039062
NN-Greedy,small_2m,12,0.07611518885541008,0.0,84.33854675292969,85.03343963623047
NN-Greedy,small_2m,13,0.08686624910410172,19.00238800048828,86.89762115478516,115.01116943359375
NN-Greedy,small_2m,14,0.081766761365951,0.0,75.95467376708984,94.46063995361328
NN-Greedy,small_2m,15,0.1138787660300111,0.0,105.90618896484375,99.41514587402344
NN-Greedy,small_2m,16,0.10282565152152835,0.0,114.61255645751953,96.95423889160156
NN-Greedy,small_2m,17,0.09570024490047517,0.39800262451171875,105.38833618164062,85.60720825195312
NN-Greedy,small_2m,18,0.08204379735379003,0.0,74.85948181152344,107.29720306396484
NN-Greedy,small_2m,19,0.08664540103231365,0.0,94.72608947753906,95.4689712524414
NN-Greedy,small_2m,20,0.04862194664861187,0.0,54.140953063964844,84.77577209472656
NN-Greedy,small_2m,21,0.10520703396824617,0.0,117.0817642211914,98.37934875488281
NN-Greedy,small_2m,22,0.09678911996930639,0.0,106.85828399658203,90.58629608154297
NN-Greedy,small_2m,23,0.10263714665260779,0.0,95.84308624267578,81.07074737548828
NN-Greedy,small_2m,24,0.08729265676303274,0.0,95.10848236083984,91.04615783691406
NN-Greedy,small_2m,25,0.05936319971049846,0.0,65.36068725585938,72.1677474975586
NN-Greedy,small_2m,26,0.08610038747300201,0.0,95.71414947509766,100.97977447509766
NN-Greedy,small_2m,27,0.09394118573331639,0.0,104.83104705810547,92.11278533935547
NN-Greedy,small_2m,28,0.09506791329482336,0.0,86.22821044921875,102.4257583618164
NN-Greedy,small_2m,29,0.08039385145585519,2.055877685546875,88.23020935058594,85.22569274902344
SPT,small_3m,0,0.03029639446632508,0.0,17.44767951965332,59.376953125
SPT,small_3m,1,0.03140163472036169,0.0,34.369468688964844,71.99125671386719
SPT,small_3m,2,0.10616087318681557,0.0,117.33645629882812,65.99446868896484
SPT,small_3m,3,0.05319090809472921,0.0,48.44007110595703,63.339210510253906
SPT,small_3m,4,0.07202531176508734,0.0,66.43499755859375,91.1263427734375
SPT,small_3m,5,0.08635147759436673,0.0,95.81880187988281,77.3239974975586
SPT,small_3m,6,0.10687582093456016,0.0,96.7679214477539,84.3438491821289
SPT,small_3m,7,0.1499114704932035,0.0,164.58592224121094,83.84600067138672
SPT,small_3m,8,0.0898293051922244,0.0,66.6715087890625,77.27041625976562
SPT,small_3m,9,0.14292206005819302,0.0,159.05239868164062,82.25723266601562
SPT,small_3m,10,0.04424909910845416,0.0,48.6358528137207,83.9950180053711
SPT,small_3m,11,0.1437222750545881,0.0,157.77175903320312,65.0465087890625
SPT,small_3m,12,0.05040487066282548,0.0,55.850528717041016,68.70616912841797
SPT,small_3m,13,0.03404255962675638,0.0,37.783355712890625,74.20752716064453
SPT,small_3m,14,0.07909144306833565,0.0,73.46952056884766,71.04597473144531
SPT,small_3m,15,0.06281268115892093,0.0,58.41520690917969,72.29530334472656
SPT,small_3m,16,0.09720014781434204,0.0,108.34220123291016,73.57840728759766
SPT,small_3m,17,0.08896693057750389,0.0,98.19886779785156,62.17219161987305
SPT,small_3m,18,0.08488615357034993,0.0,77.45294189453125,82.42749786376953
SPT,small_3m,19,0.0798228162486396,0.0,87.26721954345703,68.84165954589844
SPT,small_3m,20,0.0876266819208622,0.0,97.57305908203125,69.55557250976562
SPT,small_3m,21,0.12293569598948384,0.0,136.81146240234375,69.313720703125
SPT,small_3m,22,0.0881815947847412,0.0,97.35530090332031,67.15304565429688
SPT,small_3m,23,0.10198067749048953,0.0,95.23007202148438,61.764739990234375
SPT,small_3m,24,0.07916863108059871,0.0,86.25706481933594,70.46981048583984
SPT,small_3m,25,0.0704961608228088,0.0,77.61841583251953,60.904422760009766
SPT,small_3m,26,0.0976919435900978,0.0,108.59999084472656,72.56288146972656
SPT,small_3m,27,0.014855226852770522,0.0,16.5772762298584,69.42085266113281
SPT,small_3m,28,0.10659930449486245,0.0,96.6873779296875,69.17291259765625
SPT,small_3m,29,0.006383752093242161,0.0,7.092348575592041,65.36431121826172
NN-Greedy,small_3m,0,0.010323474831270883,0.0,5.945284366607666,54.20259475708008
NN-Greedy,small_3m,1,0.0857490701512328,0.0,93.8533935546875,64.47966003417969
NN-Greedy,small_3m,2,0.08592024142143896,0.0,94.965087890625,69.05484008789062
NN-Greedy,small_3m,3,0.10549812390692487,0.0,96.07537841796875,55.24739074707031
NN-Greedy,small_3m,4,0.1263731245459009,0.0,116.5645523071289,89.21734619140625
NN-Greedy,small_3m,5,0.0682914148693085,0.0,75.7786865234375,68.20181274414062
NN-Greedy,small_3m,6,0.0812654433442662,0.0,73.57967376708984,82.33345794677734
NN-Greedy,small_3m,7,0.15305041954019027,0.0,168.03213500976562,81.19940185546875
NN-Greedy,small_3m,8,0.1395453326130625,0.0,103.57085418701172,70.89412689208984
NN-Greedy,small_3m,9,0.14006060456150227,0.0,155.8679962158203,82.85401916503906
NN-Greedy,small_3m,10,0.09633663768517046,0.0,105.8872299194336,78.96448516845703
NN-Greedy,small_3m,11,0.11292154399228539,0.0,123.96012115478516,57.11209487915039
NN-Greedy,small_3m,12,0.0871731211744452,5.0733642578125,94.61641693115234,62.169071197509766
NN-Greedy,small_3m,13,0.08634504522290297,0.0,95.83314514160156,77.29779052734375
NN-Greedy,small_3m,14,0.07387812295409203,0.0,68.62677001953125,66.56834411621094
NN-Greedy,small_3m,15,0.12361971381837343,0.0,114.96517944335938,70.60443878173828
NN-Greedy,small_3m,16,0.0863313664727897,0.0,96.22753143310547,70.99132537841797
NN-Greedy,small_3m,17,0.10359316684046538,0.0,114.34284210205078,67.29531860351562
NN-Greedy,small_3m,18,0.09288609905276533,0.0,84.75235748291016,82.42749786376953
NN-Greedy,small_3m,19,0.12324166740081145,0.0,134.73538208007812,67.96649169921875
NN-Greedy,small_3m,20,0.07681362779879809,0.0,85.53263092041016,65.94441986083984
NN-Greedy,small_3m,21,0.1411322048537223,0.0,157.0618133544922,74.39087677001953
NN-Greedy,small_3m,22,0.10510467723620474,0.0,116.03892517089844,69.39913940429688
NN-Greedy,small_3m,23,0.08154230357904088,0.0,76.14461517333984,61.71129608154297
NN-Greedy,small_3m,24,0.09884959382567522,0.0,107.70018005371094,70.49066162109375
NN-Greedy,small_3m,25,0.06870115451379938,0.0,75.64205932617188,53.885841369628906
NN-Greedy,small_3m,26,0.08742382256183058,0.0,97.18535614013672,71.54928588867188
NN-Greedy,small_3m,27,0.08553735442700944,0.0,95.4530258178711,64.38310241699219
NN-Greedy,small_3m,28,0.13990222512386136,0.0,126.89369201660156,69.92689514160156
NN-Greedy,small_3m,29,0.04142494785367209,0.0,46.02311706542969,63.126712799072266
SPT,medium_2m,0,0.11043287146534922,0.0,259.96148681640625,207.38401794433594
SPT,medium_2m,1,0.11123748212547198,0.0,261.8212585449219,184.08160400390625
SPT,medium_2m,2,0.09316643825785109,0.0,217.572998046875,186.47520446777344
SPT,medium_2m,3,0.09055388178578772,0.0,178.12677001953125,159.08274841308594
SPT,medium_2m,4,0.11785719985383974,0.0,277.6573486328125,226.75357055664062
SPT,medium_2m,5,0.08780259933591662,0.0,206.73634338378906,167.31256103515625
SPT,medium_2m,6,0.11459222879756668,0.0,268.8356628417969,194.5040283203125
SPT,medium_2m,7,0.10418737468971304,0.0,205.05502319335938,202.063232421875
SPT,medium_2m,8,0.07349455977559965,0.0,169.98814392089844,178.58566284179688
SPT,medium_2m,9,0.10026099156287682,0.0,235.4526824951172,227.5668487548828
SPT,medium_2m,10,0.126060959865352,0.0,296.3375244140625,199.442138671875
SPT,medium_2m,11,0.07519341097888849,0.0,176.3975372314453,189.9204864501953
SPT,medium_2m,12,0.0935291035273025,0.0,219.87623596191406,189.84852600097656
SPT,medium_2m,13,0.09783895144733054,0.0,229.1149139404297,219.15455627441406
SPT,medium_2m,14,0.08047554783994121,0.0,188.87229919433594,191.54098510742188
SPT,medium_2m,15,0.10530738095586124,0.0,248.0006561279297,209.4007568359375
SPT,medium_2m,16,0.10191452736938102,0.0,238.5102996826172,180.87693786621094
SPT,medium_2m,17,0.0971478125546168,0.0,226.62786865234375,173.59495544433594
SPT,medium_2m,18,0.0816071150758997,0.0,191.71238708496094,202.6704559326172
SPT,medium_2m,19,0.08017774570647977,0.0,157.90374755859375,196.54684448242188
SPT,medium_2m,20,0.1052825116959031,0.0,247.80380249023438,189.73483276367188
SPT,medium_2m,21,0.10495440104273493,0.0,207.3805694580078,208.73500061035156
SPT,medium_2m,22,0.08495114343884834,0.0,198.14358520507812,176.7393798828125
SPT,medium_2m,23,0.11538837860170388,0.0,226.37588500976562,169.3687286376953
SPT,medium_2m,24,0.10673666525002022,0.0,247.7763214111328,198.1636199951172
SPT,medium_2m,25,0.06516843901692293,0.0,152.26368713378906,155.71444702148438
SPT,medium_2m,26,0.10555667471005468,0.0,248.40281677246094,198.08314514160156
SPT,medium_2m,27,0.1030589695312862,0.0,241.11863708496094,195.76699829101562
SPT,medium_2m,28,0.09427988098709084,0.0,221.91539001464844,210.3214569091797
SPT,medium_2m,29,0.09481116710962986,0.0,222.7477264404297,158.3346405029297
NN-Greedy,medium_2m,0,0.05165184132526633,0.0,121.58960723876953,194.39414978027344
NN-Greedy,medium_2m,1,0.05095607720468417,0.0,119.93605041503906,176.9683837890625
NN-Greedy,medium_2m,2,0.052353440324451404,5.227325439453125,120.78215026855469,176.95834350585938
NN-Greedy,medium_2m,3,0.04861995392192432,23.26488494873047,89.01148986816406,156.24819946289062
NN-Greedy,medium_2m,4,0.05664419822331969,0.0,133.4468994140625,215.01138305664062
NN-Greedy,medium_2m,5,0.050372667488294345,0.0,118.60538482666016,167.93455505371094
NN-Greedy,medium_2m,6,0.055994634051311554,0.0,131.36453247070312,188.0248565673828
NN-Greedy,medium_2m,7,0.05403095353554207,9.755783081054688,103.81739807128906,195.52491760253906
NN-Greedy,medium_2m,8,0.051781478347295726,0.0,119.76719665527344,169.92868041992188
NN-Greedy,medium_2m,9,0.05137210590831494,0.0,120.64213562011719,220.92205810546875
NN-Greedy,medium_2m,10,0.06039992707016376,52.968475341796875,127.71087646484375,188.96446228027344
NN-Greedy,medium_2m,11,0.054682183499158224,54.69219970703125,112.2286605834961,182.10450744628906
NN-Greedy,medium_2m,12,0.041194798886039635,18.242156982421875,91.21475982666016,176.09368896484375
NN-Greedy,medium_2m,13,0.04609699002457135,20.95361328125,102.17491149902344,222.27560424804688
NN-Greedy,medium_2m,14,0.0529132918944717,0.0,124.18498992919922,182.98779296875
NN-Greedy,medium_2m,15,0.06101775030881921,19.106674194335938,138.6923828125,197.58987426757812
NN-Greedy,medium_2m,16,0.060064259778699364,62.046546936035156,122.57872009277344,172.81207275390625
NN-Greedy,medium_2m,17,0.05194246777412532,0.0,121.17216491699219,169.6485137939453
NN-Greedy,medium_2m,18,0.04655062730900731,0.0,109.3572769165039,203.66172790527344
NN-Greedy,medium_2m,19,0.051176254523352595,0.0,100.78759765625,195.543701171875
NN-Greedy,medium_2m,20,0.05184977334276965,0.0,122.03898620605469,179.1515655517578
NN-Greedy,medium_2m,21,0.05654259580602896,0.0,111.72314453125,210.53382873535156
NN-Greedy,medium_2m,22,0.05962285918681934,31.348068237304688,129.81719970703125,168.20919799804688
NN-Greedy,medium_2m,23,0.06276869303179723,38.60209655761719,112.6006088256836,159.040283203125
NN-Greedy,medium_2m,24,0.05308572966915153,0.0,123.23213195800781,199.87136840820312
NN-Greedy,medium_2m,25,0.05261505364855637,0.0,122.93315887451172,153.43939208984375
NN-Greedy,medium_2m,26,0.05238103426578745,0.0,123.26644897460938,189.94354248046875
NN-Greedy,medium_2m,27,0.046774269034285026,0.0,109.43392944335938,183.22068786621094
NN-Greedy,medium_2m,28,0.04857666140729751,10.121170043945312,111.66139221191406,208.60720825195312
NN-Greedy,medium_2m,29,0.05628128029178208,0.0,132.2262725830078,158.6873321533203
SPT,medium_3m,0,0.11885800123770013,0.0,279.79443359375,147.8578338623047
SPT,medium_3m,1,0.10205677394045773,0.0,240.21249389648438,128.29063415527344
SPT,medium_3m,2,0.08122327426066998,0.0,189.68194580078125,127.96835327148438
SPT,medium_3m,3,0.08534596054702391,0.0,167.8823699951172,108.53620910644531
SPT,medium_3m,4,0.11029581078423102,0.0,259.8436279296875,157.28369140625
SPT,medium_3m,5,0.09363835016664297,0.0,220.47695922851562,121.27496337890625
SPT,medium_3m,6,0.08097902937342562,0.0,189.97842407226562,140.96978759765625
SPT,medium_3m,7,0.10396851003580108,0.0,204.624267578125,139.8375701904297
SPT,medium_3m,8,0.10639569550998745,0.0,246.08633422851562,129.94552612304688
SPT,medium_3m,9,0.09285088127844815,0.0,218.05079650878906,156.156982421875
SPT,medium_3m,10,0.07247506091967286,0.0,170.37059020996094,139.5449981689453
SPT,medium_3m,11,0.06680897733325368,0.0,156.7283477783203,132.37086486816406
SPT,medium_3m,12,0.0950092325677614,0.0,223.35585021972656,132.1918182373047
SPT,medium_3m,13,0.09630585651477805,0.0,225.5247802734375,158.84092712402344
SPT,medium_3m,14,0.08237007493302381,0.0,193.31866455078125,130.10479736328125
SPT,medium_3m,15,0.10167471366034259,0.0,239.44566345214844,144.79449462890625
SPT,medium_3m,16,0.07194794795624972,0.0,168.3795928955078,122.98237609863281
SPT,medium_3m,17,0.10564986274503647,0.0,246.46157836914062,119.25101470947266
SPT,medium_3m,18,0.07011037742153155,0.0,164.70411682128906,144.86085510253906
SPT,medium_3m,19,0.06468354692826069,0.0,127.38914489746094,132.60482788085938
SPT,medium_3m,20,0.12179548384573886,0.0,286.6704406738281,138.38331604003906
SPT,medium_3m,21,0.10471604124234617,0.0,206.9095916748047,146.49082946777344
SPT,medium_3m,22,0.07560909637866284,0.0,176.3538055419922,122.55078887939453
SPT,medium_3m,23,0.10035614153199814,0.0,196.88473510742188,118.0733871459961
SPT,medium_3m,24,0.10204332056458462,0.0,236.88128662109375,135.8367462158203
SPT,medium_3m,25,0.10446862537754091,0.0,244.08714294433594,112.86460876464844
SPT,medium_3m,26,0.0928470673172339,0.0,218.49374389648438,138.36598205566406
SPT,medium_3m,27,0.10744309812423485,0.0,251.37582397460938,136.34152221679688
SPT,medium_3m,28,0.08886654237637275,0.0,209.1735076904297,145.5094451904297
SPT,medium_3m,29,0.11650736376076164,0.0,273.72039794921875,116.1978759765625
NN-Greedy,medium_3m,0,0.06831566217527614,0.0,160.81661987304688,141.99366760253906
NN-Greedy,medium_3m,1,0.07373576027916315,0.0,173.55291748046875,130.2900390625
NN-Greedy,medium_3m,2,0.065207045925033,3.7933273315429688,151.5305938720703,124.63224029541016
NN-Greedy,medium_3m,3,0.052075813820460976,13.382232666015625,99.81446075439453,110.72521209716797
NN-Greedy,medium_3m,4,0.07823656131880823,0.0,184.31590270996094,149.5875244140625
NN-Greedy,medium_3m,5,0.06884755078947906,0.0,162.10557556152344,115.77485656738281
NN-Greedy,medium_3m,6,0.07413999571040465,0.0,173.9339141845703,133.85292053222656
NN-Greedy,medium_3m,7,0.06878168530328269,4.908111572265625,134.54147338867188,139.86798095703125
NN-Greedy,medium_3m,8,0.06970603186773772,0.0,161.22552490234375,120.23966217041016
NN-Greedy,medium_3m,9,0.07322291790142327,9.498016357421875,170.30755615234375,154.0953826904297
NN-Greedy,medium_3m,10,0.07396822541292153,0.6348342895507812,173.76161193847656,134.71937561035156
NN-Greedy,medium_3m,11,0.06133077772060558,27.747604370117188,138.30921936035156,129.185546875
NN-Greedy,medium_3m,12,0.054897669881343376,10.763763427734375,126.80916595458984,130.26638793945312
NN-Greedy,medium_3m,13,0.057027852909108105,21.662063598632812,129.62478637695312,144.02139282226562
NN-Greedy,medium_3m,14,0.06549006784271243,0.0,153.70208740234375,128.55099487304688
NN-Greedy,medium_3m,15,0.07485076251443575,10.431076049804688,174.3837432861328,133.8571014404297
NN-Greedy,medium_3m,16,0.065495024420112,8.591224670410156,151.5348663330078,122.03936767578125
NN-Greedy,medium_3m,17,0.06843447841544037,0.0,159.6449737548828,113.14268493652344
NN-Greedy,medium_3m,18,0.05499793787830463,0.0,129.20179748535156,140.25782775878906
NN-Greedy,medium_3m,19,0.06700563324828875,0.0,131.96231079101562,133.86032104492188
NN-Greedy,medium_3m,20,0.07278028080540049,0.0,171.30319213867188,118.50727844238281
NN-Greedy,medium_3m,21,0.07476109654219053,0.0,147.72128295898438,145.03338623046875
NN-Greedy,medium_3m,22,0.06446768290246181,6.2704925537109375,149.07748413085938,121.24210357666016
NN-Greedy,medium_3m,23,0.06748917705746195,9.066558837890625,130.69863891601562,111.0396499633789
NN-Greedy,medium_3m,24,0.07324112090283394,0.0,170.02044677734375,133.10415649414062
NN-Greedy,medium_3m,25,0.06464769248773923,0.0,151.04698181152344,118.11835479736328
NN-Greedy,medium_3m,26,0.06991253113791272,0.0,164.522705078125,129.38694763183594
NN-Greedy,medium_3m,27,0.05957322575757513,0.0,139.37860107421875,128.57435607910156
NN-Greedy,medium_3m,28,0.0656414532556786,0.0,154.50643920898438,137.5495147705078
NN-Greedy,medium_3m,29,0.08125853028014339,0.0,190.9073944091797,114.8495101928711
SPT,large_2m,0,0.09136486129011606,0.0,553.9969482421875,444.5585021972656
SPT,large_2m,1,0.09399171129750288,0.0,571.0897827148438,469.6808776855469
SPT,large_2m,2,0.0844460572996765,0.0,512.5595703125,486.333251953125
SPT,large_2m,3,0.09411083494548267,0.0,571.7883911132812,457.3683776855469
SPT,large_2m,4,0.0884762188439811,0.0,537.4382934570312,521.3767700195312
SPT,large_2m,5,0.10412198639254548,0.0,632.471923828125,460.08087158203125
SPT,large_2m,6,0.09178859184361286,0.0,556.6589965820312,505.5370178222656
SPT,large_2m,7,0.09859361799119652,0.0,598.992431640625,504.3215637207031
SPT,large_2m,8,0.0960307067812952,0.0,583.396484375,455.1592102050781
SPT,large_2m,9,0.11472821272613473,0.0,696.9577026367188,554.46337890625
SPT,large_2m,10,0.09590923283722104,0.0,581.7803955078125,501.8677673339844
SPT,large_2m,11,0.1275049622469009,0.0,774.6768188476562,520.3683471679688
SPT,large_2m,12,0.10760879012719259,0.0,652.8850708007812,483.1766052246094
SPT,large_2m,13,0.11273581678564026,0.0,684.7211303710938,538.5032958984375
SPT,large_2m,14,0.10043134714609228,0.0,609.7908935546875,500.8979797363281
SPT,large_2m,15,0.10757791819104294,0.0,653.5985717773438,510.9723815917969
SPT,large_2m,16,0.10829390393163921,0.0,657.7202758789062,469.4805908203125
SPT,large_2m,17,0.09702180350558066,0.0,589.3151245117188,451.01580810546875
SPT,large_2m,18,0.08873802513967154,0.0,539.08740234375,524.8538208007812
SPT,large_2m,19,0.1073882701951128,0.0,652.3473510742188,505.59124755859375
SPT,large_2m,20,0.10472217180525513,0.0,635.5775756835938,463.1677551269531
SPT,large_2m,21,0.1045139725394044,0.0,634.0010986328125,514.4821166992188
SPT,large_2m,22,0.10468542902636459,0.0,635.9491577148438,425.94207763671875
SPT,large_2m,23,0.08992943883630257,0.0,546.375,418.4826354980469
SPT,large_2m,24,0.08904185613088177,0.0,540.7503662109375,470.6490478515625
SPT,large_2m,25,0.08844627611193481,0.0,537.1490478515625,435.4612731933594
SPT,large_2m,26,0.09809911142716109,0.0,595.5225830078125,510.48193359375
SPT,large_2m,27,0.08645618142062429,0.0,525.194580078125,477.96990966796875
SPT,large_2m,28,0.09842863942960808,0.0,597.8235473632812,488.04217529296875
SPT,large_2m,29,0.08396194126281281,0.0,509.2866516113281,453.7068176269531
NN-Greedy,large_2m,0,0.028343625218577487,357.63067626953125,130.7759552001953,422.1889953613281
NN-Greedy,large_2m,1,0.023145636561685033,87.72149658203125,130.72787475585938,441.0657043457031
NN-Greedy,large_2m,2,0.028380750972034293,280.5844421386719,141.44357299804688,468.3638000488281
NN-Greedy,large_2m,3,0.024578384081075266,191.27603149414062,127.5190658569336,437.1660461425781
NN-Greedy,large_2m,4,0.029545625929224825,343.71533203125,142.46224975585938,500.2456359863281
NN-Greedy,large_2m,5,0.029954563685608497,342.52197265625,142.9853515625,427.8816833496094
NN-Greedy,large_2m,6,0.026328721695731718,189.94464111328125,138.74420166015625,485.877197265625
NN-Greedy,large_2m,7,0.0272435642746835,152.89407348632812,148.3510284423828,467.1111755371094
NN-Greedy,large_2m,8,0.02875491620193392,310.6373291015625,139.3583526611328,425.85986328125
NN-Greedy,large_2m,9,0.0319138514468897,498.0909729003906,140.7242889404297,523.2205200195312
NN-Greedy,large_2m,10,0.021525130126565113,4.2884521484375,130.09417724609375,474.9839172363281
NN-Greedy,large_2m,11,0.026976618777724275,192.62228393554688,143.0760955810547,483.1971130371094
NN-Greedy,large_2m,12,0.02313869360008146,1.380218505859375,140.23123168945312,457.8642272949219
NN-Greedy,large_2m,13,0.028966061590524967,256.8753662109375,148.1376495361328,504.34002685546875
NN-Greedy,large_2m,14,0.02634283788420052,171.61795043945312,141.18429565429688,476.9109191894531
NN-Greedy,large_2m,15,0.023103346189690833,104.31008911132812,128.89511108398438,479.8297119140625
NN-Greedy,large_2m,16,0.02835782313438933,248.02610778808594,144.82815551757812,439.41595458984375
NN-Greedy,large_2m,17,0.026570019444601387,187.42926025390625,140.16905212402344,426.52099609375
NN-Greedy,large_2m,18,0.0238865861470588,0.0,145.112060546875,510.07000732421875
NN-Greedy,large_2m,19,0.02622466369185726,245.68280029296875,131.65431213378906,475.2070007324219
NN-Greedy,large_2m,20,0.02685639433780647,173.17677307128906,142.9523468017578,437.1453857421875
NN-Greedy,large_2m,21,0.023215968922828747,17.00775146484375,138.99427795410156,490.3373107910156
NN-Greedy,large_2m,22,0.0227631374831107,0.0,138.2828369140625,407.3958740234375
NN-Greedy,large_2m,23,0.024116997695260718,44.503997802734375,141.33677673339844,394.23956298828125
NN-Greedy,large_2m,24,0.0258088550127308,128.01939392089844,142.1508331298828,444.4057922363281
NN-Greedy,large_2m,25,0.024105856566317585,12.136505126953125,144.9929656982422,413.13311767578125
NN-Greedy,large_2m,26,0.02691729788992125,187.41082763671875,142.78866577148438,482.6932067871094
NN-Greedy,large_2m,27,0.03159346531831803,495.0993347167969,137.18417358398438,457.77752685546875
NN-Greedy,large_2m,28,0.023096461869056558,13.825897216796875,138.76524353027344,466.8640441894531
NN-Greedy,large_2m,29,0.027485409394622597,182.85498046875,145.98886108398438,434.5293884277344
SPT,large_3m,0,0.0793776274471672,0.0,481.3115539550781,302.0887145996094
SPT,large_3m,1,0.0930940183214391,0.0,565.6354370117188,317.9513244628906
SPT,large_3m,2,0.0844171570326678,0.0,512.3841552734375,330.2421569824219
SPT,large_3m,3,0.08328158241538867,0.0,505.9931945800781,305.0113220214844
SPT,large_3m,4,0.09193395385798757,0.0,558.44189453125,355.2713317871094
SPT,large_3m,5,0.09960608677967628,0.0,605.0408325195312,307.7069091796875
SPT,large_3m,6,0.08391101542689867,0.0,508.88482666015625,341.0284729003906
SPT,large_3m,7,0.09802482480804273,0.0,595.5368041992188,336.12322998046875
SPT,large_3m,8,0.09173318162981405,0.0,557.28857421875,310.18426513671875
SPT,large_3m,9,0.09936780376280281,0.0,603.6453857421875,375.5008544921875
SPT,large_3m,10,0.0777280051993627,0.0,471.4940185546875,334.8507080078125
SPT,large_3m,11,0.11454626080692105,0.0,695.9441528320312,348.4942321777344
SPT,large_3m,12,0.08330237082260115,0.0,505.4129333496094,322.4116516113281
SPT,large_3m,13,0.11455151277919082,0.0,695.7490844726562,367.39129638671875
SPT,large_3m,14,0.12223323626766,0.0,742.1658325195312,344.59283447265625
SPT,large_3m,15,0.10288652813829434,0.0,625.0956420898438,346.9317932128906
SPT,large_3m,16,0.10359034338290318,0.0,629.1533203125,316.76348876953125
SPT,large_3m,17,0.09201486038474874,0.0,558.9027099609375,299.87481689453125
SPT,large_3m,18,0.1122040594967404,0.0,681.6445922851562,365.762939453125
SPT,large_3m,19,0.10346154653045365,0.0,628.4938354492188,342.44537353515625
SPT,large_3m,20,0.10286646202741535,0.0,624.31494140625,312.6169128417969
SPT,large_3m,21,0.10327162403780499,0.0,626.4647827148438,351.18194580078125
SPT,large_3m,22,0.10263959341902099,0.0,623.52099609375,291.3169860839844
SPT,large_3m,23,0.10854119346881279,0.0,659.4525146484375,284.80859375
SPT,large_3m,24,0.10144743893158464,0.0,616.08935546875,325.5852966308594
SPT,large_3m,25,0.09176704778568189,0.0,557.316650390625,294.33282470703125
SPT,large_3m,26,0.09853072756189296,0.0,598.1427612304688,346.6908874511719
SPT,large_3m,27,0.11362814482186151,0.0,690.255859375,331.87542724609375
SPT,large_3m,28,0.0871621863887168,0.0,529.394775390625,331.9023742675781
SPT,large_3m,29,0.09605267754808565,0.0,582.625244140625,313.2593688964844
NN-Greedy,large_3m,0,0.0353020083458483,238.77685546875,194.71926879882812,287.76544189453125
NN-Greedy,large_3m,1,0.030484877634581634,50.15599060058594,181.2676239013672,298.2934875488281
NN-Greedy,large_3m,2,0.03293925650185596,87.02700805664062,193.2762908935547,314.13470458984375
NN-Greedy,large_3m,3,0.03164366500514743,71.86320495605469,186.5103759765625,296.05615234375
NN-Greedy,large_3m,4,0.03393713240038842,112.63307189941406,197.86459350585938,344.1946105957031
NN-Greedy,large_3m,5,0.03515219887385359,134.75689697265625,202.72799682617188,291.5479431152344
NN-Greedy,large_3m,6,0.033457476624582955,124.38331604003906,193.53378295898438,324.58892822265625
NN-Greedy,large_3m,7,0.035193164844100976,108.94169616699219,205.40907287597656,324.4620361328125
NN-Greedy,large_3m,8,0.03414837655128002,114.61386108398438,198.24411010742188,299.7823486328125
NN-Greedy,large_3m,9,0.03419380906724352,270.04345703125,188.29202270507812,352.74444580078125
NN-Greedy,large_3m,10,0.02913980188836033,24.670578002929688,174.87351989746094,322.3154602050781
NN-Greedy,large_3m,11,0.03455220625526252,106.93719482421875,201.90399169921875,324.71734619140625
NN-Greedy,large_3m,12,0.031378926908824455,0.0,190.3825225830078,306.5447082519531
NN-Greedy,large_3m,13,0.03402283797462922,41.22314453125,203.60923767089844,341.8165283203125
NN-Greedy,large_3m,14,0.03222455224787378,126.79472351074219,186.0994415283203,334.2019958496094
NN-Greedy,large_3m,15,0.0323834899789319,76.42677307128906,190.9541473388672,330.9326171875
NN-Greedy,large_3m,16,0.03283667427115824,85.1475830078125,192.75633239746094,298.861328125
NN-Greedy,large_3m,17,0.0330658286038412,153.58819580078125,188.4967803955078,289.46270751953125
NN-Greedy,large_3m,18,0.029826620217992893,0.0,181.19802856445312,339.4081115722656
NN-Greedy,large_3m,19,0.029764165376003345,24.631561279296875,178.91497802734375,321.9048767089844
NN-Greedy,large_3m,20,0.030650431008326595,55.88037109375,181.53245544433594,298.7252197265625
NN-Greedy,large_3m,21,0.030660380539714902,2.24176025390625,185.82461547851562,333.29217529296875
NN-Greedy,large_3m,22,0.032221339842329756,27.975692749023438,193.41949462890625,280.0912170410156
NN-Greedy,large_3m,23,0.031478093981424204,21.770278930664062,189.4221954345703,267.3890380859375
NN-Greedy,large_3m,24,0.03216048194027728,99.33015441894531,187.431396484375,303.6160888671875
NN-Greedy,large_3m,25,0.028949184887461427,20.120193481445312,174.15435791015625,278.0388488769531
NN-Greedy,large_3m,26,0.03463385552889468,105.96292114257812,202.25701904296875,337.11346435546875
NN-Greedy,large_3m,27,0.03555869919292789,241.8138885498047,197.37965393066406,317.8509216308594
NN-Greedy,large_3m,28,0.03022752652781195,16.45855712890625,182.33531188964844,319.65057373046875
NN-Greedy,large_3m,29,0.033493753065435644,101.92115783691406,195.01742553710938,288.5588073730469
GA,small_2m,1,0.005177621060878007,0.0,5.666968822479248,103.31230926513672
GA,small_2m,2,0.005088923647106836,0.5107955932617188,5.342912673950195,78.16010284423828
GA,small_2m,9,0.0032565382594916853,0.0,3.624074697494507,118.22886657714844
GA,small_2m,4,0.014077911999698482,15.843399047851562,5.733509063720703,145.27232360839844
GA,small_2m,8,0.004857488471548385,0.0,3.605238676071167,117.21216583251953
GA,small_2m,7,0.004736746605530374,0.0,5.200414657592773,116.2129135131836
GA,small_2m,6,0.004751492659998187,0.0,4.302114963531494,97.1820297241211
GA,small_2m,0,0.006507431498606651,0.0,3.747626781463623,78.1506576538086
GA,small_2m,11,0.004918180622528858,0.0,5.398954391479492,90.1504135131836
GA,small_2m,5,0.010126942157056135,8.080848693847656,7.127053260803223,124.32182312011719
GA,small_2m,10,0.003943014788564944,0.0,4.333916187286377,109.22010040283203
GA,small_2m,3,0.005031621266454143,0.0,4.582213401794434,87.17436981201172
GA,small_2m,12,0.006169848512181822,0.0,6.836428642272949,79.37432098388672
GA,small_2m,18,0.005004453488807674,0.0,4.566229343414307,106.14018249511719
GA,small_2m,15,0.006921275224098077,0.0,6.436721324920654,113.30825805664062
GA,small_2m,13,0.00631585540563132,0.0,7.009878635406494,137.3321990966797
GA,small_2m,17,0.007722142214135572,0.6159477233886719,8.148085594177246,100.52339172363281
GA,small_2m,14,0.0048800192422121125,0.0,4.533141136169434,92.14484405517578
GA,small_2m,19,0.005038788717902938,0.0,5.508714199066162,98.21925354003906
GA,small_2m,16,0.005015581400477645,0.0,5.590517520904541,88.22770690917969
GA,small_2m,22,0.004402095745713013,0.0,4.8600544929504395,99.3104019165039
GA,small_2m,25,0.009246814432494409,8.604129791259766,4.812440872192383,85.40542602539062
GA,small_2m,24,0.006379779113790881,0.0,6.950998306274414,86.27727508544922
GA,small_2m,21,0.0032584245390046454,0.0,3.6262032985687256,92.22361755371094
GA,small_2m,26,0.004787179453691178,0.0,5.321704387664795,93.3995590209961
GA,small_2m,29,0.005642351859545086,0.0,6.26865291595459,95.30786895751953
GA,small_2m,23,0.006081942313559784,0.0,5.679348468780518,88.31263732910156
GA,small_2m,28,0.006196369282805245,0.0,5.620212078094482,110.2929458618164
GA,small_2m,20,0.003602659724927871,0.0,4.011592388153076,105.28350067138672
GA,small_2m,27,0.002872193846513107,0.0,3.2051446437835693,118.04649353027344
GA,small_3m,2,0.004146369616496955,0.0,4.582859039306641,64.15778350830078
GA,small_3m,1,0.00408264164056785,0.0,4.46850061416626,84.36194610595703
GA,small_3m,0,0.007461977625176222,0.0,4.297349452972412,87.08515167236328
GA,small_3m,3,0.004048335629230928,0.0,3.6867516040802,72.25906372070312
GA,small_3m,5,0.0038251822275261337,0.0,4.244564056396484,84.13192749023438
GA,small_3m,7,0.0022824489054046,0.0,2.5058720111846924,82.09550476074219
GA,small_3m,6,0.003016630370980686,0.0,2.7313292026519775,77.22685241699219
GA,small_3m,8,0.0035487475124876228,0.0,2.6338882446289062,70.0846176147461
GA,small_3m,4,0.006088283544275737,0.0,5.6157355308532715,110.14784240722656
GA,small_3m,9,0.0026764821424379685,0.0,2.97855281829834,91.13310241699219
GA,small_3m,10,0.003340199150909649,0.0,3.6713387966156006,98.1754379272461
GA,small_3m,11,0.0024386127838297153,0.0,2.6769979000091553,60.05110168457031
GA,small_3m,12,0.004361411041445183,0.0,4.832610607147217,69.08436584472656
GA,small_3m,16,0.003639901306793995,0.0,4.057143211364746,69.11811065673828
GA,small_3m,14,0.0050258579442401296,0.0,4.668613433837891,77.28234100341797
GA,small_3m,13,0.0036411798979013297,0.0,4.041294097900391,81.10225677490234
GA,small_3m,18,0.0025880169471089124,0.0,2.3613924980163574,75.1339340209961
GA,small_3m,15,0.004144401531814041,0.0,3.854254722595215,72.20240020751953
GA,small_3m,17,0.004814055658887363,0.0,5.313601493835449,64.16456604003906
GA,small_3m,21,0.0013457039930905954,0.0,1.4975937604904175,72.04602813720703
GA,small_3m,20,0.001998884529071477,0.0,2.2257750034332275,74.02392578125
GA,small_3m,22,0.0034468527344229415,0.0,3.8054356575012207,86.20526885986328
GA,small_3m,24,0.0039473226091918424,0.1297149658203125,4.2457709312438965,83.20996856689453
GA,small_3m,26,0.002553083406992479,0.0,2.8381545543670654,66.06775665283203
GA,small_3m,19,0.001681392528593125,0.0,1.838201880455017,71.05045318603516
GA,small_3m,25,0.003530898569022869,0.0,3.8876266479492188,55.154762268066406
GA,small_3m,23,0.004645482999663648,0.0,4.33797550201416,56.27124786376953
GA,small_3m,27,0.002502651091971085,0.0,2.7927637100219727,80.07026672363281
GA,small_3m,29,0.0038501055362952065,0.0,4.277467250823975,75.2308120727539
GA,small_3m,28,0.004216713023413778,0.0,3.8246302604675293,89.11663818359375
GA,medium_2m,0,0.01877285255192739,0.6121597290039062,44.02814865112305,232.169677734375
GA,medium_2m,1,0.019209300847464073,9.672584533691406,42.57915115356445,184.65042114257812
GA,medium_2m,2,0.014556262820226668,0.0,33.99346160888672,191.77066040039062
GA,medium_2m,3,0.01678707969931524,38.22126007080078,22.132783889770508,168.68511962890625
GA,medium_2m,6,0.009525799094533232,0.0,22.347715377807617,202.76234436035156
GA,medium_2m,5,0.012037547602349053,0.43939208984375,28.207626342773438,210.9136199951172
GA,medium_2m,4,0.005787398858713686,0.0,13.634413719177246,226.7350311279297
GA,medium_2m,7,0.014213027402567937,0.0,27.97318458557129,199.10531616210938
GA,medium_2m,9,0.02644847936081906,5.323051452636719,60.735191345214844,244.01077270507812
GA,medium_2m,8,0.014843501122360638,0.0,34.332054138183594,180.72708129882812
GA,medium_2m,10,0.00833598178428303,0.0,19.59579086303711,200.31558227539062
GA,medium_2m,11,0.02269960818216214,2.9568023681640625,52.383636474609375,195.72950744628906
GA,medium_2m,12,0.02588447868043004,0.0,60.8514518737793,210.68177795410156
GA,medium_2m,13,0.018473114631837952,20.787216186523438,37.53239059448242,249.92527770996094
GA,medium_2m,15,0.029034437135134053,79.1347885131836,47.64535140991211,204.90408325195312
GA,medium_2m,16,0.02189404195667298,11.963798522949219,47.76983642578125,216.7349853515625
GA,medium_2m,18,0.00674119817007693,9.581161499023438,13.073225975036621,228.5045166015625
GA,medium_2m,14,0.01785711917298841,0.0,41.909812927246094,190.4824676513672
GA,medium_2m,17,0.014012947517636975,0.0,32.689613342285156,182.73683166503906
GA,medium_2m,20,0.02503266661093114,0.0,58.919471740722656,186.91659545898438
GA,medium_2m,21,0.008929364630043596,0.0,17.643630981445312,202.87220764160156
GA,medium_2m,19,0.011225801938612445,0.0,22.10833168029785,202.74951171875
GA,medium_2m,22,0.011475399344765646,0.0,26.76569938659668,183.06570434570312
GA,medium_2m,23,0.012443439464766812,33.93836212158203,15.143223762512207,190.4577178955078
GA,medium_2m,24,0.00922226764053485,0.0,21.408384323120117,191.5096893310547
GA,medium_2m,25,0.01784332834822069,7.686546325683594,39.41495132446289,154.8547821044922
GA,medium_2m,27,0.01593632683806327,0.0,37.28491973876953,207.978271484375
GA,medium_2m,26,0.019937496166765444,38.32749938964844,35.77864456176758,204.51556396484375
GA,medium_2m,28,0.02444271463931803,0.0,57.53310775756836,207.73460388183594
GA,medium_2m,29,0.023945685404731236,4.23077392578125,55.043914794921875,153.90188598632812
GA,medium_3m,0,0.00964594385670625,1.3024368286132812,22.466665267944336,138.39234924316406
GA,medium_3m,1,0.008511844474439607,0.0,20.03445053100586,124.2042465209961
GA,medium_3m,3,0.0140778251501609,27.374771118164062,22.326889038085938,111.43607330322266
GA,medium_3m,2,0.006411646571543789,20.560272216796875,10.916743278503418,140.28695678710938
GA,medium_3m,7,0.008136581998879285,14.072830200195312,13.633211135864258,132.3885955810547
GA,medium_3m,9,0.020147488516781876,0.0,47.31431579589844,162.7432098388672
GA,medium_3m,6,0.005551347735027054,0.0,13.02357292175293,125.35686492919922
GA,medium_3m,10,0.004481040576172247,2.26202392578125,10.10966682434082,140.3748779296875
GA,medium_3m,8,0.005912944303816575,0.0,13.67625617980957,152.30007934570312
GA,medium_3m,5,0.008507328298048898,14.865100860595703,16.790691375732422,159.81747436523438
GA,medium_3m,4,0.0064486358032103995,0.36956787109375,15.125983238220215,158.58084106445312
GA,medium_3m,12,0.010397068789566163,0.16753387451171875,24.407316207885742,144.7024383544922
GA,medium_3m,13,0.012853312097350442,9.786216735839844,28.328157424926758,170.47789001464844
GA,medium_3m,11,0.006778804703880327,4.2914581298828125,15.041409492492676,161.59588623046875
GA,medium_3m,14,0.011206768124036343,0.0,26.301753997802734,138.6033477783203
GA,medium_3m,15,0.018866356812321433,12.43398666381836,42.176414489746094,129.48410034179688
GA,medium_3m,17,0.011820227784392342,36.19325256347656,20.043169021606445,113.34049987792969
GA,medium_3m,16,0.014439015682213875,26.104331970214844,28.495607376098633,113.52274322509766
GA,medium_3m,18,0.007828709031677414,43.41645050048828,10.044170379638672,138.58238220214844
GA,medium_3m,19,0.00800651790609823,0.0,15.768205642700195,134.73854064941406
GA,medium_3m,20,0.01747922843299672,31.186965942382812,35.08708572387695,135.9214630126953
GA,medium_3m,22,0.009212033702739686,30.501792907714844,15.213361740112305,133.73263549804688
GA,medium_3m,25,0.01546388040786209,4.061607360839844,35.26435470581055,114.48197174072266
GA,medium_3m,24,0.0055721422832312704,0.0,12.935057640075684,144.4709930419922
GA,medium_3m,23,0.015290747545776666,8.495277404785156,28.40008544921875,109.73548126220703
GA,medium_3m,21,0.011722604446166301,0.0,23.162824630737305,150.43157958984375
GA,medium_3m,27,0.009572951460767167,0.3553466796875,22.329103469848633,126.46052551269531
GA,medium_3m,26,0.016567991059454265,17.73666000366211,35.49403762817383,136.3574981689453
GA,medium_3m,28,0.017093409707588103,25.653907775878906,35.59316635131836,137.42796325683594
GA,medium_3m,29,0.015677021436392203,20.462890625,32.545677185058594,134.56072998046875
GA,large_2m,0,0.03566578734918041,138.76669311523438,200.31924438476562,439.2911682128906
GA,large_2m,1,0.0382432371557226,235.26356506347656,205.80226135253906,460.89129638671875
GA,large_2m,2,0.027729286087835224,64.9559326171875,161.173095703125,487.6570739746094
GA,large_2m,5,0.0399334858534731,138.50755310058594,226.8114013671875,484.8903503417969
GA,large_2m,3,0.043253522915104495,99.12701416015625,251.49139404296875,457.8313293457031
GA,large_2m,7,0.048857252356961055,79.50189208984375,287.9010009765625,519.5004272460938
GA,large_2m,4,0.033320324305274,46.807647705078125,197.3603973388672,509.5580139160156
GA,large_2m,6,0.04308556065300346,44.540679931640625,256.3881530761719,501.50823974609375
GA,large_2m,8,0.04257207025285746,45.889373779296875,253.4104461669922,437.4791259765625
GA,large_2m,13,0.03716018431783404,0.0,225.6990203857422,541.2213134765625
GA,large_2m,12,0.051540060898247135,0.0,312.704345703125,508.5679626464844
GA,large_2m,15,0.04394166951675025,22.3565673828125,264.5126647949219,484.6730651855469
GA,large_2m,10,0.03458205569582729,80.74310302734375,200.80821228027344,499.15582275390625
GA,large_2m,16,0.042129993695268805,140.2511749267578,240.3802490234375,441.1571044921875
GA,large_2m,18,0.04460599199489156,78.27337646484375,262.34429931640625,528.2552490234375
GA,large_2m,19,0.04289849317438574,201.03248596191406,237.9675750732422,508.2156066894531
GA,large_2m,9,0.04864765938289445,231.47482299804688,270.8285827636719,552.5806274414062
GA,large_2m,17,0.0468667158934655,85.31266784667969,275.0126037597656,437.5213928222656
GA,large_2m,14,0.04076483555962649,94.7598876953125,237.15306091308594,489.62359619140625
GA,large_2m,11,0.03808560779925002,48.095733642578125,226.1955108642578,498.7644348144531
GA,large_2m,20,0.03788900026215311,132.4591522216797,214.62396240234375,490.3162536621094
GA,large_2m,21,0.0344373949833426,81.11865234375,200.1368408203125,492.52777099609375
GA,large_2m,22,0.04423258219234801,2.609039306640625,268.40380859375,442.9695739746094
GA,large_2m,23,0.04742327628964316,158.1897735595703,269.6825866699219,430.43499755859375
GA,large_2m,24,0.028527828375270403,0.0,173.24923706054688,491.69061279296875
GA,large_2m,25,0.03558271168043037,104.32994079589844,204.0137939453125,427.351806640625
GA,large_2m,29,0.037549128510297666,0.0,227.76116943359375,476.64764404296875
GA,large_2m,27,0.03917797066288537,5.705657958984375,237.36326599121094,523.431396484375
GA,large_2m,26,0.04312539746361639,183.53128051757812,241.60867309570312,539.4358520507812
GA,large_2m,28,0.041392321118392486,187.20272827148438,230.88829040527344,495.33233642578125
GA,large_3m,0,0.03226786537528486,39.107025146484375,192.49136352539062,303.3097229003906
GA,large_3m,1,0.03782441759199814,80.08036804199219,223.50137329101562,350.4975891113281
GA,large_3m,4,0.029841792712561557,78.27851867675781,175.5142059326172,334.6286926269531
GA,large_3m,3,0.03309696242802706,124.87921142578125,191.10057067871094,303.702880859375
GA,large_3m,5,0.030009042789858956,77.25955200195312,176.09408569335938,333.0473327636719
GA,large_3m,7,0.03132729942819077,138.78616333007812,179.62071228027344,333.2740173339844
GA,large_3m,6,0.04105837176251622,137.3782501220703,238.65089416503906,369.6896057128906
GA,large_3m,2,0.035761150060365274,43.05482482910156,213.766357421875,336.2334899902344
GA,large_3m,8,0.03772159030565583,66.67955017089844,223.80393981933594,298.8478698730469
GA,large_3m,9,0.03688479804623702,143.03604125976562,213.77801513671875,370.706787109375
GA,large_3m,11,0.04272871785552241,302.91864013671875,236.87725830078125,361.69720458984375
GA,large_3m,12,0.04006627714784069,32.143035888671875,240.5645294189453,319.47998046875
GA,large_3m,10,0.033424825504367754,85.23945617675781,196.2334747314453,334.5204772949219
GA,large_3m,13,0.037156683185390914,82.89028930664062,219.5759735107422,360.81304931640625
GA,large_3m,22,0.04090616541560634,55.35441589355469,243.9075164794922,292.0732116699219
GA,large_3m,21,0.03692452495117873,141.06349182128906,213.48707580566406,360.907958984375
GA,large_3m,23,0.04011503222429287,205.65093994140625,226.47354125976562,276.7615966796875
GA,large_3m,17,0.03560474621529109,94.19764709472656,208.6925811767578,320.53179931640625
GA,large_3m,15,0.03670733287475466,0.0,223.01844787597656,329.6333923339844
GA,large_3m,16,0.043558173576934756,178.19952392578125,250.57693481445312,323.128173828125
GA,large_3m,19,0.03714770401367875,0.0,225.6597137451172,360.3646545410156
GA,large_3m,20,0.0386501192760261,43.02787780761719,231.11680603027344,349.8307800292969
GA,large_3m,14,0.04124075799756853,136.87037658691406,240.08370971679688,330.6357421875
GA,large_3m,18,0.039367131995160266,133.95169067382812,229.1754608154297,346.2471008300781
GA,large_3m,24,0.033630580555123746,37.50730895996094,201.2631072998047,304.90264892578125
GA,large_3m,25,0.037426283716914054,151.973876953125,214.7659912109375,321.5628662109375
GA,large_3m,27,0.044191687344785825,167.75750732421875,255.5274200439453,384.0408630371094
GA,large_3m,29,0.03497457958734448,24.046920776367188,210.22303771972656,315.29144287109375
GA,large_3m,28,0.03693303022387381,272.161865234375,203.53562927246094,347.3173828125
GA,large_3m,26,0.0307537881424931,83.37103271484375,180.4065399169922,356.67742919921875
Hybrid,small_2m,0,0.006507431084613299,0.0,3.747626543045044,78.1506576538086
Hybrid,small_2m,1,0.005762058816747438,0.0,6.306643009185791,101.45975494384766
Hybrid,small_2m,2,0.0036071660900438836,0.0,3.98689341545105,95.22772216796875
Hybrid,small_2m,3,0.005355520957217974,0.0,4.877183437347412,109.38640594482422
Hybrid,small_2m,5,0.011617620858596581,12.123470306396484,6.724959373474121,120.23027038574219
Hybrid,small_2m,4,0.01772856054161954,21.809768676757812,6.369923114776611,139.3123779296875
Hybrid,small_2m,7,0.0031264644484079976,0.0,3.4325060844421387,114.17859649658203
Hybrid,small_2m,6,0.007553482717442119,0.0,6.839103698730469,96.138916015625
Hybrid,small_2m,9,0.0035304571294890023,0.0,3.928908348083496,118.22886657714844
Hybrid,small_2m,12,0.004230773368688065,0.0,4.687859058380127,90.22269439697266
Hybrid,small_2m,13,0.00631585540563132,0.0,7.009878635406494,137.3321990966797
Hybrid,small_2m,14,0.005386997969007197,0.0,5.004083156585693,90.25362396240234
Hybrid,small_2m,8,0.007886665272601113,0.6488571166992188,5.553339004516602,109.24835205078125
Hybrid,small_2m,11,0.004918180622528858,0.0,5.398954391479492,90.1504135131836
Hybrid,small_2m,10,0.0056680813996201306,0.0,6.230001926422119,101.3333969116211
Hybrid,small_2m,18,0.005064508015590022,0.0,4.621025085449219,123.28587341308594
Hybrid,small_2m,19,0.004010993427422223,0.0,4.385065078735352,90.23915100097656
Hybrid,small_2m,15,0.008272222807695259,0.0,7.693089962005615,110.30218505859375
Hybrid,small_2m,20,0.003602659724927871,0.0,4.011592388153076,105.28350067138672
Hybrid,small_2m,17,0.00868043525471281,1.7786674499511719,8.497237205505371,99.40623474121094
Hybrid,small_2m,16,0.005015581400477645,0.0,5.590517520904541,88.22770690917969
Hybrid,small_2m,21,0.0026808567863247086,0.0,2.983445405960083,100.2119369506836
Hybrid,small_2m,25,0.009463209598310738,9.643009185791016,4.402485370635986,79.2457046508789
Hybrid,small_2m,23,0.006081942313559784,0.0,5.679348468780518,88.31263732910156
Hybrid,small_2m,27,0.003535452896741436,0.0,3.9452900886535645,90.19136810302734
Hybrid,small_2m,22,0.003175970860703454,0.0,3.506373405456543,106.21003723144531
Hybrid,small_2m,28,0.006196369282805245,0.0,5.620212078094482,110.2929458618164
Hybrid,small_2m,29,0.005452548781565779,0.0,6.05778169631958,95.30786895751953
Hybrid,small_2m,24,0.005470951300171263,0.0,5.9607977867126465,91.37455749511719
Hybrid,small_2m,26,0.005751219943280216,0.0,6.393387317657471,102.43843078613281
Hybrid,small_3m,3,0.004030339107551388,0.0,3.6703624725341797,58.17252731323242
Hybrid,small_3m,0,0.006905590432416254,0.0,3.976926326751709,58.196964263916016
Hybrid,small_3m,1,0.004127319634461168,0.0,4.517401218414307,66.22777557373047
Hybrid,small_3m,5,0.0038802848155260854,0.0,4.305707931518555,103.17828369140625
Hybrid,small_3m,4,0.006521269414597607,0.0,6.015114784240723,98.37272644042969
Hybrid,small_3m,2,0.004115642064266398,0.0,4.548896789550781,68.3151626586914
Hybrid,small_3m,6,0.0036537512685829924,0.0,3.3081936836242676,72.11766052246094
Hybrid,small_3m,8,0.004854327555576406,0.0,3.6028926372528076,86.19501495361328
Hybrid,small_3m,10,0.0033396926562415316,0.0,3.6707820892333984,80.10699462890625
Hybrid,small_3m,7,0.0028204098021251973,0.0,3.0964925289154053,80.1414794921875
Hybrid,small_3m,12,0.0027505204144656027,0.0,3.047682046890259,69.08436584472656
Hybrid,small_3m,13,0.004683065388022791,0.0,5.197668075561523,110.18659210205078
Hybrid,small_3m,14,0.0038992898268223907,0.0,3.6221232414245605,95.06391906738281
Hybrid,small_3m,15,0.0035858368232831376,0.0,3.334794759750366,63.101505279541016
Hybrid,small_3m,11,0.0024386127838297153,0.0,2.6769979000091553,60.05110168457031
Hybrid,small_3m,9,0.001987973807178652,0.0,2.21233868598938,98.04244232177734
Hybrid,small_3m,19,0.004075354093663923,0.0,4.455428123474121,77.25496673583984
Hybrid,small_3m,28,0.0033483217954989064,0.0,3.03698468208313,80.04801177978516
Hybrid,small_3m,26,0.0034843355338608425,0.0,3.8733880519866943,65.06475830078125
Hybrid,small_3m,24,0.004516468981409175,0.0,4.9208550453186035,82.21141815185547
Hybrid,small_3m,17,0.005202764744717166,0.0,5.742646217346191,69.31877899169922
Hybrid,small_3m,29,0.004058328863739646,0.0,4.508803367614746,70.21309661865234
Hybrid,small_3m,16,0.0035344429621393995,0.0,3.939596176147461,64.16267395019531
Hybrid,small_3m,18,0.0036943042669876627,0.0,3.3708057403564453,90.11763000488281
Hybrid,small_3m,20,0.001998884529071477,0.0,2.2257750034332275,74.02392578125
Hybrid,small_3m,22,0.0037231351508088583,0.0,4.11046028137207,62.1310920715332
Hybrid,small_3m,23,0.005547262054051313,0.0,5.180061340332031,57.1102294921875
Hybrid,small_3m,27,0.0026094271258699482,0.0,2.9119174480438232,72.00557708740234
Hybrid,small_3m,25,0.0030470066657863654,0.0,3.354846954345703,55.15099334716797
Hybrid,small_3m,21,0.0012942838721169178,0.0,1.4403698444366455,74.07939147949219
Hybrid,medium_2m,0,0.015646051102054543,16.179710388183594,32.507850646972656,223.00917053222656
Hybrid,medium_2m,1,0.010281992915743422,0.0,24.20087432861328,171.77032470703125
Hybrid,medium_2m,2,0.010152999940880989,0.0,23.7104549407959,187.8053436279297
Hybrid,medium_2m,3,0.016968613496825154,0.0,33.37862777709961,158.9607391357422
Hybrid,medium_2m,5,0.02427736986136635,9.841667175292969,54.12791061401367,187.01734924316406
Hybrid,medium_2m,4,0.023457934611213094,0.0,55.26406478881836,237.768310546875
Hybrid,medium_2m,6,0.007477592438334205,0.0,17.54258155822754,185.90789794921875
Hybrid,medium_2m,8,0.019315156093416545,0.0,44.67470169067383,178.47938537597656
Hybrid,medium_2m,10,0.015485329128768969,0.0,36.402103424072266,200.97203063964844
Hybrid,medium_2m,11,0.018625137030734595,16.652175903320312,38.805904388427734,193.20462036132812
Hybrid,medium_2m,7,0.021089931719010822,91.57513427734375,17.825857162475586,207.86795043945312
Hybrid,medium_2m,12,0.009946742048946054,18.02935028076172,17.819820404052734,197.78167724609375
Hybrid,medium_2m,15,0.020564994382732425,0.0,48.430908203125,203.69790649414062
Hybrid,medium_2m,9,0.02281070177555196,0.0,53.568599700927734,221.69989013671875
Hybrid,medium_2m,13,0.01589279511467417,10.963226318359375,34.19654083251953,219.83154296875
Hybrid,medium_2m,17,0.011608702982743743,16.278770446777344,22.265369415283203,162.54393005371094
Hybrid,medium_2m,14,0.02073385880106746,0.0,48.66138458251953,176.88018798828125
Hybrid,medium_2m,18,0.009093448908018616,0.0,21.362436294555664,209.38888549804688
Hybrid,medium_2m,16,0.027403242950766727,4.4157562255859375,62.8514518737793,198.9071502685547
Hybrid,medium_2m,22,0.011308095539300506,0.0,26.375473022460938,165.04844665527344
Hybrid,medium_2m,19,0.008724272395856126,0.0,17.181766510009766,186.08982849121094
Hybrid,medium_2m,20,0.023962901390438874,0.0,56.40156173706055,180.8365478515625
Hybrid,medium_2m,23,0.0190656369863922,44.53376770019531,25.241289138793945,166.75685119628906
Hybrid,medium_2m,24,0.006852588021518092,0.0,15.907458305358887,196.7379913330078
Hybrid,medium_2m,21,0.023661546561316353,11.733062744140625,43.797889709472656,211.6245574951172
Hybrid,medium_2m,25,0.01605085027358491,0.0,37.502227783203125,156.10833740234375
Hybrid,medium_2m,28,0.015376835035743556,78.70378112792969,15.368987083435059,207.9794921875
Hybrid,medium_2m,26,0.02393610975204516,0.0,56.328006744384766,217.9683837890625
Hybrid,medium_2m,27,0.023676215105671708,0.0,55.39330291748047,196.60696411132812
Hybrid,medium_2m,29,0.015052675941217107,0.0,35.364498138427734,164.90682983398438
Hybrid,medium_3m,0,0.014878301861642199,41.72257614135742,27.332260131835938,145.76719665527344
Hybrid,medium_3m,2,0.015062452187861368,3.1183700561523438,34.56032943725586,123.53672790527344
Hybrid,medium_3m,1,0.013100121228768337,27.869705200195312,25.477781295776367,153.70150756835938
Hybrid,medium_3m,6,0.004787165188861871,0.0,11.230785369873047,143.3770294189453
Hybrid,medium_3m,4,0.01597346747572901,21.28461456298828,33.81745147705078,153.61431884765625
Hybrid,medium_3m,5,0.022703102702111958,0.0,53.455780029296875,134.4185791015625
Hybrid,medium_3m,3,0.021308611211901363,0.0,41.91575241088867,104.4053726196289
Hybrid,medium_3m,9,0.01154599492300788,14.417304992675781,24.611560821533203,146.31771850585938
Hybrid,medium_3m,7,0.018789134968491814,0.14490127563476562,36.955078125,158.60511779785156
Hybrid,medium_3m,8,0.014783768194572097,19.540996551513672,30.093650817871094,114.72576904296875
Hybrid,medium_3m,10,0.013450293209166738,6.470699310302734,30.404991149902344,158.32296752929688
Hybrid,medium_3m,12,0.01453021792089667,0.0,34.15888214111328,147.51004028320312
Hybrid,medium_3m,13,0.013644018247141761,0.0,31.950956344604492,164.05075073242188
Hybrid,medium_3m,11,0.005996295517446451,14.751655578613281,11.106805801391602,130.23944091796875
Hybrid,medium_3m,15,0.013374004925331645,33.433685302734375,25.434770584106445,139.49349975585938
Hybrid,medium_3m,16,0.01471252254792402,39.905494689941406,26.33574867248535,124.6722640991211
Hybrid,medium_3m,14,0.01807734396113727,0.0,42.42667007446289,127.30916595458984
Hybrid,medium_3m,17,0.009793505260416087,3.1159820556640625,22.198049545288086,110.4203109741211
Hybrid,medium_3m,19,0.006936233117269423,0.0,13.660364151000977,156.62689208984375
Hybrid,medium_3m,18,0.01271749964038444,29.917518615722656,24.12424087524414,132.2254180908203
Hybrid,medium_3m,21,0.007478265074415581,0.0,14.776387214660645,153.61590576171875
Hybrid,medium_3m,20,0.010532473148666874,0.0,24.79031753540039,134.45364379882812
Hybrid,medium_3m,25,0.01570765722008849,11.009483337402344,34.35177993774414,121.42984771728516
Hybrid,medium_3m,23,0.0096039412280908,5.1433563232421875,17.873966217041016,118.82967376708984
Hybrid,medium_3m,27,0.014486929231876064,11.915538787841797,31.61545181274414,137.57778930664062
Hybrid,medium_3m,24,0.009541549625061959,0.0,22.149559020996094,125.6102523803711
Hybrid,medium_3m,26,0.006282878081254092,0.0,14.785276412963867,138.42868041992188
Hybrid,medium_3m,29,0.010665227525432195,5.0359344482421875,24.00200080871582,118.31938171386719
Hybrid,medium_3m,28,0.011585841770095836,0.0,27.270681381225586,175.67373657226562
Hybrid,medium_3m,22,0.009925193526191632,0.0,23.149934768676758,125.45635223388672
Hybrid,large_2m,3,0.043228216185863484,251.54393005371094,233.95721435546875,448.0068664550781
Hybrid,large_2m,0,0.046779847239236456,172.94944763183594,263.78289794921875,443.891845703125
Hybrid,large_2m,1,0.040598016076072004,25.890533447265625,243.74874877929688,452.1806945800781
Hybrid,large_2m,5,0.0374030049688951,23.32305908203125,224.54495239257812,460.5839538574219
Hybrid,large_2m,8,0.04176919243006274,134.78871154785156,238.4217987060547,429.5431213378906
Hybrid,large_2m,4,0.045893696364139674,68.6888427734375,271.37982177734375,564.8878784179688
Hybrid,large_2m,2,0.03860263322546892,98.29049682617188,223.50938415527344,479.7140808105469
Hybrid,large_2m,9,0.03675743551123241,207.50018310546875,201.1553192138672,524.97998046875
Hybrid,large_2m,12,0.040679549564344435,25.920196533203125,243.88040161132812,463.3399658203125
Hybrid,large_2m,10,0.04377913695285449,214.75177001953125,241.71853637695312,488.27325439453125
Hybrid,large_2m,7,0.04110030553409242,226.88543701171875,224.22967529296875,472.2200927734375
Hybrid,large_2m,6,0.03169462909132132,0.0,192.2145233154297,484.8548889160156
Hybrid,large_2m,13,0.038455365786540185,0.0,233.56553649902344,548.000244140625
Hybrid,large_2m,14,0.03759656567519059,197.27133178710938,206.709228515625,485.03985595703125
Hybrid,large_2m,15,0.04244954381965801,51.02531433105469,252.29437255859375,491.94866943359375
Hybrid,large_2m,11,0.04499237855138927,179.89199829101562,253.91001892089844,498.55731201171875
Hybrid,large_2m,16,0.04264356260621778,138.0362091064453,243.74411010742188,456.0108947753906
Hybrid,large_2m,17,0.030865998571824885,0.0,187.4815673828125,455.8929443359375
Hybrid,large_2m,18,0.0447545360717077,0.479736328125,271.83282470703125,539.2042846679688
Hybrid,large_2m,19,0.03414742525925242,120.30717468261719,193.89344787597656,540.165283203125
Hybrid,large_2m,20,0.04423541503841565,87.38308715820312,258.35870361328125,452.0553894042969
Hybrid,large_2m,21,0.04723063900169926,276.6761474609375,256.60845947265625,498.2577819824219
Hybrid,large_2m,24,0.03462095970491355,24.2862548828125,207.4856719970703,490.58258056640625
Hybrid,large_2m,23,0.03807300463327353,56.387451171875,224.74244689941406,396.01605224609375
Hybrid,large_2m,22,0.039017601197111264,72.08169555664062,228.65895080566406,404.3560485839844
Hybrid,large_2m,27,0.04173483275577401,239.7671661376953,227.0184326171875,514.2786254882812
Hybrid,large_2m,28,0.04315947262575832,140.6402587890625,246.72409057617188,484.30206298828125
Hybrid,large_2m,29,0.05046753729488749,10.686126708984375,304.90875244140625,465.8666076660156
Hybrid,large_2m,25,0.03705398952597337,229.0845184326172,198.4970703125,422.64239501953125
Hybrid,large_2m,26,0.04943088569150998,26.350250244140625,297.17755126953125,496.4761657714844
Hybrid,large_3m,0,0.044794781805661904,275.5669250488281,249.2999725341797,317.209716796875
Hybrid,large_3m,2,0.026712565672739233,0.92962646484375,162.06533813476562,316.815185546875
Hybrid,large_3m,1,0.0323276685348407,30.050872802734375,194.0506134033203,331.2161865234375
Hybrid,large_3m,3,0.033930889928215774,352.9693908691406,177.92730712890625,329.09222412109375
Hybrid,large_3m,5,0.03280124065748374,95.97966003417969,191.5547637939453,311.3414611816406
Hybrid,large_3m,8,0.04150568593245596,215.11412048339844,234.8639373779297,304.49365234375
Hybrid,large_3m,7,0.03176870085154702,56.0045166015625,188.68707275390625,338.27667236328125
Hybrid,large_3m,4,0.0394387841585108,25.707473754882812,237.67581176757812,391.4376220703125
Hybrid,large_3m,6,0.02937038675289673,26.776885986328125,176.10147094726562,355.209228515625
Hybrid,large_3m,10,0.03627931032992415,184.69248962402344,205.9416961669922,327.3210754394531
Hybrid,large_3m,9,0.039863275097272284,254.88397216796875,223.82400512695312,355.77471923828125
Hybrid,large_3m,11,0.04298479331748208,240.41712951660156,243.12255859375,369.908447265625
Hybrid,large_3m,12,0.03425689314963762,231.41531372070312,189.65792846679688,328.7208557128906
Hybrid,large_3m,15,0.0416379856909234,40.77703857421875,249.88345336914062,350.6453552246094
Hybrid,large_3m,13,0.035937428095269806,134.86463928222656,208.34463500976562,356.33819580078125
Hybrid,large_3m,16,0.03701001799569922,190.34661865234375,209.85443115234375,346.48406982421875
Hybrid,large_3m,14,0.03268141711057927,0.0,198.432373046875,347.21588134765625
Hybrid,large_3m,22,0.036714073330952036,26.124343872070312,220.86578369140625,303.62054443359375
Hybrid,large_3m,21,0.03137321806659985,131.9696807861328,180.4889678955078,353.4491882324219
Hybrid,large_3m,20,0.03382026485011132,165.38705444335938,191.9709014892578,299.830322265625
Hybrid,large_3m,17,0.038449315850983976,15.169418334960938,232.3235626220703,290.45721435546875
Hybrid,large_3m,24,0.03931632822189154,105.99215698242188,230.3603515625,320.5565490722656
Hybrid,large_3m,26,0.04109719584636343,74.35292053222656,243.87762451171875,363.48052978515625
Hybrid,large_3m,19,0.04425612662712171,70.37947082519531,263.4342956542969,332.859130859375
Hybrid,large_3m,18,0.037183612827901835,11.139022827148438,225.06204223632812,351.44500732421875
Hybrid,large_3m,23,0.030384784612037564,128.31936645507812,173.84275817871094,294.43255615234375
Hybrid,large_3m,25,0.0333213630117654,117.49433898925781,192.67892456054688,291.0078125
Hybrid,large_3m,27,0.03612307305740083,192.65867614746094,204.59478759765625,362.4136962890625
Hybrid,large_3m,28,0.03996578193874631,220.48159790039062,225.90213012695312,337.34600830078125
Hybrid,large_3m,29,0.03579042114105126,20.8359375,215.42828369140625,308.8321533203125
